keyword,category,priority
how to get a mortgage first time buyer,Getting Started,high
mortgage rates today explained,Rates,high
30 year vs 15 year mortgage,Loan Types,high
fixed vs adjustable rate mortgage,Loan Types,high
how much house can I afford,Getting Started,high
mortgage pre-approval process,Getting Started,high
mortgage qualification requirements,Getting Started,high
conventional loan requirements,Loan Types,high
FHA loan requirements and benefits,Loan Types,high
VA loan benefits explained,Loan Types,high
USDA loan eligibility guide,Loan Types,high
mortgage down payment options,Getting Started,high
PMI explained mortgage,Cost Factors,high
how to refinance mortgage,Refinancing,high
cash-out refinance explained,Refinancing,high
mortgage closing costs explained,Cost Factors,high
debt to income ratio for mortgage,Qualification,high
credit score for mortgage approval,Qualification,high
jumbo loan requirements,Loan Types,high
mortgage points explained,Cost Factors,high
mortgage rate lock explained,Rates,high
how to get pre-qualified for mortgage,Getting Started,high
mortgage underwriting process,Getting Started,high
home loan application checklist,Getting Started,high
mortgage approval timeline,Getting Started,high
mortgage for self-employed borrowers,Qualification,high
first-time homebuyer programs,Getting Started,high
down payment assistance programs,Getting Started,high
mortgage refinancing calculator guide,Refinancing,high
break-even refinance analysis,Refinancing,high
streamline refinance options,Refinancing,high
mortgage forbearance explained,Hardship Options,high
mortgage loan modification options,Hardship Options,high
reverse mortgage explained,Loan Types,high
how reverse mortgage works,Loan Types,high
mortgage escrow account explained,Cost Factors,high
property tax escrow mortgage,Cost Factors,high
HELOC vs home equity loan,Home Equity,high
home equity loan rates,Home Equity,high
mortgage income documentation,Qualification,high
mortgage with student loans,Qualification,high
mortgage insurance vs life insurance,Cost Factors,medium
homeowners insurance mortgage requirement,Cost Factors,medium
title insurance explained,Closing,medium
mortgage title search process,Closing,medium
closing disclosure explained,Closing,medium
loan estimate mortgage guide,Getting Started,medium
RESPA mortgage rules,Regulations,medium
mortgage discrimination laws,Regulations,medium
predatory lending warning signs,Regulations,medium
mortgage origination fee,Cost Factors,medium
home appraisal process,Getting Started,medium
low appraisal mortgage options,Getting Started,medium
mortgage contingency explained,Getting Started,medium
financing contingency real estate,Getting Started,medium
mortgage assumption explained,Loan Types,medium
assumable mortgage benefits,Loan Types,medium
portfolio loan mortgage,Loan Types,medium
bank statement mortgage loans,Loan Types,medium
hard money loan explained,Loan Types,medium
bridge loan for home purchase,Loan Types,medium
construction loan explained,Loan Types,medium
one-time close construction loan,Loan Types,medium
HELOC draw period explained,Home Equity,medium
HELOC repayment explained,Home Equity,medium
home equity for renovations,Home Equity,medium
mortgage recast explained,Payments,medium
paying extra on mortgage benefits,Payments,medium
biweekly mortgage payments,Payments,medium
mortgage payoff calculator,Payments,medium
early mortgage payoff benefits,Payments,medium
mortgage interest deduction,Taxes,medium
mortgage tax benefits,Taxes,medium
points deduction mortgage,Taxes,medium
second home mortgage rules,Loan Types,medium
investment property mortgage,Loan Types,medium
DSCR loan explained,Loan Types,medium
non-QM mortgage options,Loan Types,medium
gift funds for down payment rules,Getting Started,medium
down payment from 401k,Getting Started,medium
IRA withdrawal first home,Getting Started,medium
FHFA loan limits 2024,Loan Types,medium
conforming loan limits,Loan Types,medium
high-balance conforming loan,Loan Types,medium
manufactured home mortgage,Loan Types,medium
condo mortgage requirements,Loan Types,medium
FHA condo approval,Loan Types,medium
VA condo requirements,Loan Types,medium
land contract mortgage,Loan Types,medium
seller financing explained,Loan Types,medium
owner financing risks,Loan Types,medium
mortgage forbearance impact on credit,Hardship Options,medium
mortgage deferral explained,Hardship Options,medium
partial claim mortgage,Hardship Options,medium
loan servicer vs lender difference,Getting Started,medium
mortgage servicing transfer,Getting Started,medium
escrow shortage explained,Cost Factors,medium
flood insurance mortgage requirement,Cost Factors,medium
title defects mortgage,Closing,medium
short sale mortgage impact,Hardship Options,medium
foreclosure vs short sale,Hardship Options,medium
deed in lieu mortgage,Hardship Options,medium
mortgage divorce buyout,Life Events,medium
quitclaim deed mortgage,Life Events,medium
mortgage history United States,General Info,low
history of Fannie Mae Freddie Mac,General Info,low
Federal Reserve and mortgage rates,Rates,low
10-year treasury and mortgage rates,Rates,low
how mortgage rates are set,Rates,low
mortgage-backed securities explained,General Info,low
CFPB mortgage rules explained,Regulations,low
ability to repay rule mortgage,Regulations,low
qualified mortgage definition,Regulations,low
Dodd-Frank mortgage rules,Regulations,low
TRID mortgage rules,Regulations,low
mortgage broker licensing,General Info,low
loan officer licensing NMLS,General Info,low
how to compare mortgage lenders,Getting Started,low
mortgage annual percentage rate,Cost Factors,low
APR vs interest rate mortgage,Cost Factors,low
mortgage payment components PITI,Cost Factors,low
amortization schedule explained,Payments,low
mortgage amortization calculator,Payments,low
negative amortization loan,Loan Types,low
interest-only mortgage explained,Loan Types,low
balloon mortgage risks,Loan Types,low
adjustable rate caps explained,Loan Types,low
lifetime cap ARM mortgage,Loan Types,low
periodic cap ARM mortgage,Loan Types,low
SOFR transition mortgages,Loan Types,low
buy vs rent calculator,Getting Started,low
opportunity cost of mortgage,Payments,low
investing vs paying off mortgage,Payments,low
mortgage free strategies,Payments,low
online mortgage lenders review,Shopping,low
mortgage broker vs bank,Shopping,low
credit union mortgage benefits,Shopping,low
mortgage application mistakes,Getting Started,low
red flags predatory lenders,Regulations,low
mortgage scam warning signs,Regulations,low
refinancing mistakes to avoid,Refinancing,low
underwater mortgage options,Hardship Options,low
biweekly payment mortgage calculator,Payments,low
average mortgage payment by state,Cost Factors,low
average down payment first home,Getting Started,low
FHA vs conventional loan comparison,Loan Types,low
VA loan funding fee explained,Loan Types,low
USDA loan income limits,Loan Types,low
mortgage pre-approval letter,Getting Started,low
mortgage commitment letter,Getting Started,low
clear to close mortgage,Closing,low
wire fraud mortgage scam,Closing,low
what happens at mortgage closing,Closing,low
how long to keep mortgage documents,General Info,low
mortgage payoff statement,Payments,low
reconveyance of mortgage,General Info,low
lien release mortgage,General Info,low
home equity line of credit risks,Home Equity,low
HELOC variable rate risk,Home Equity,low
second mortgage explained,Home Equity,low
piggyback mortgage explained,Loan Types,low
80-10-10 mortgage,Loan Types,low
mortgage shopping window credit,Qualification,low
rapid rescore mortgage,Qualification,low
mortgage with bad credit,Qualification,low
FHA loan credit score minimum,Loan Types,low
VA loan no credit score option,Loan Types,low
